Data Venda,Nota Fiscal,Cliente,Produto,Quantidade
01/10/2022,NF1612,Cliente 12,Produto A,73
01/10/2022,NF1631,Cliente 12,Produto M,9
01/10/2022,NF1639,Cliente 10,Produto I,66
02/10/2022,NF1584,Cliente 17,Produto C,80
02/10/2022,NF1588,Cliente 18,Produto H,60
02/10/2022,NF1604,Cliente 20,Produto D,65
03/10/2022,NF1610,Cliente 16,Produto J,32
03/10/2022,NF1625,Cliente 20,Produto K,30
03/10/2022,NF1624,Cliente 10,Produto E,11
04/10/2022,NF1634,Cliente 11,Produto M,72
04/10/2022,NF1636,Cliente 11,Produto M,78
04/10/2022,NF1638,Cliente 17,Produto L,55
05/10/2022,NF1642,Cliente 15,Produto M,66
05/10/2022,NF1647,Cliente 3,Produto E,36
05/10/2022,NF1586,Cliente 13,Produto E,11
06/10/2022,NF1591,Cliente 18,Produto B,40
06/10/2022,NF1591,Cliente 16,Produto I,49
06/10/2022,NF1599,Cliente 9,Produto F,57
07/10/2022,NF1611,Cliente 18,Produto N,63
07/10/2022,NF1615,Cliente 8,Produto K,73
07/10/2022,NF1650,Cliente 3,Produto I,15
08/10/2022,NF1656,Cliente 12,Produto B,52
08/10/2022,NF1656,Cliente 10,Produto A,74
08/10/2022,NF1659,Cliente 16,Produto K,78
09/10/2022,NF1660,Cliente 18,Produto K,9
09/10/2022,NF1662,Cliente 15,Produto K,68
09/10/2022,NF1591,Cliente 1,Produto B,13
10/10/2022,NF1592,Cliente 13,Produto H,61
10/10/2022,NF1592,Cliente 19,Produto K,60
10/10/2022,NF1657,Cliente 18,Produto K,32
11/10/2022,NF1660,Cliente 7,Produto M,49
11/10/2022,NF1661,Cliente 18,Produto M,5
11/10/2022,NF1595,Cliente 12,Produto E,25
12/10/2022,NF1606,Cliente 20,Produto H,55
12/10/2022,NF1620,Cliente 20,Produto H,28
12/10/2022,NF1627,Cliente 11,Produto A,9
13/10/2022,NF1665,Cliente 5,Produto N,80
13/10/2022,NF1589,Cliente 3,Produto O,80
13/10/2022,NF1601,Cliente 15,Produto O,24
14/10/2022,NF1624,Cliente 16,Produto L,54
14/10/2022,NF1625,Cliente 7,Produto N,20
14/10/2022,NF1629,Cliente 11,Produto E,42
15/10/2022,NF1645,Cliente 16,Produto O,52
15/10/2022,NF1655,Cliente 20,Produto B,55
15/10/2022,NF1626,Cliente 19,Produto G,61
16/10/2022,NF1630,Cliente 20,Produto D,68
16/10/2022,NF1609,Cliente 10,Produto D,72
16/10/2022,NF1617,Cliente 2,Produto E,2
17/10/2022,NF1624,Cliente 9,Produto B,23
17/10/2022,NF1625,Cliente 10,Produto M,64
17/10/2022,NF1623,Cliente 16,Produto A,17
18/10/2022,NF1657,Cliente 15,Produto H,22
18/10/2022,NF1659,Cliente 9,Produto O,62
18/10/2022,NF1658,Cliente 9,Produto O,33
19/10/2022,NF1594,Cliente 3,Produto J,19
19/10/2022,NF1598,Cliente 8,Produto G,68
19/10/2022,NF1643,Cliente 2,Produto H,64
19/10/2022,NF1644,Cliente 8,Produto F,54
20/10/2022,NF1648,Cliente 5,Produto M,71
20/10/2022,NF1652,Cliente 8,Produto A,40
20/10/2022,NF1585,Cliente 10,Produto O,79
20/10/2022,NF1600,Cliente 17,Produto G,51
21/10/2022,NF1635,Cliente 12,Produto O,68
21/10/2022,NF1649,Cliente 6,Produto J,50
21/10/2022,NF1590,Cliente 12,Produto N,69
21/10/2022,NF1605,Cliente 19,Produto F,54
22/10/2022,NF1607,Cliente 11,Produto A,80
22/10/2022,NF1608,Cliente 14,Produto L,14
22/10/2022,NF1613,Cliente 2,Produto D,72
22/10/2022,NF1618,Cliente 7,Produto K,27
23/10/2022,NF1622,Cliente 12,Produto C,36
23/10/2022,NF1633,Cliente 20,Produto E,29
23/10/2022,NF1637,Cliente 13,Produto O,25
23/10/2022,NF1587,Cliente 3,Produto C,24
24/10/2022,NF1616,Cliente 8,Produto H,45
24/10/2022,NF1623,Cliente 1,Produto B,26
24/10/2022,NF1651,Cliente 2,Produto J,25
24/10/2022,NF1658,Cliente 16,Produto C,73
25/10/2022,NF1659,Cliente 6,Produto D,56
25/10/2022,NF1592,Cliente 6,Produto B,15
25/10/2022,NF1603,Cliente 11,Produto O,24
25/10/2022,NF1614,Cliente 20,Produto E,41
26/10/2022,NF1626,Cliente 11,Produto F,8
26/10/2022,NF1593,Cliente 13,Produto A,80
26/10/2022,NF1593,Cliente 4,Produto D,34
26/10/2022,NF1640,Cliente 6,Produto O,20
27/10/2022,NF1641,Cliente 2,Produto L,14
27/10/2022,NF1653,Cliente 3,Produto D,9
27/10/2022,NF1654,Cliente 19,Produto I,70
27/10/2022,NF1583,Cliente 18,Produto I,11
28/10/2022,NF1590,Cliente 20,Produto J,37
28/10/2022,NF1596,Cliente 8,Produto M,12
28/10/2022,NF1597,Cliente 20,Produto L,68
28/10/2022,NF1602,Cliente 15,Produto D,5
29/10/2022,NF1619,Cliente 20,Produto J,48
29/10/2022,NF1621,Cliente 7,Produto L,75
29/10/2022,NF1628,Cliente 19,Produto O,8
29/10/2022,NF1632,Cliente 15,Produto M,52
30/10/2022,NF1646,Cliente 11,Produto I,26
30/10/2022,NF1663,Cliente 16,Produto N,25
30/10/2022,NF1664,Cliente 20,Produto J,35
01/11/2022,NF612,Cliente 12,Produto A,91
01/11/2022,NF631,Cliente 12,Produto M,11
01/11/2022,NF639,Cliente 10,Produto I,82
02/11/2022,NF584,Cliente 17,Produto C,99
02/11/2022,NF588,Cliente 18,Produto H,74
02/11/2022,NF604,Cliente 20,Produto D,81
03/11/2022,NF610,Cliente 16,Produto J,40
03/11/2022,NF625,Cliente 20,Produto K,37
03/11/2022,NF624,Cliente 10,Produto E,13
04/11/2022,NF634,Cliente 11,Produto M,89
04/11/2022,NF636,Cliente 11,Produto M,97
04/11/2022,NF638,Cliente 17,Produto L,68
05/11/2022,NF642,Cliente 15,Produto M,82
05/11/2022,NF647,Cliente 3,Produto E,45
05/11/2022,NF586,Cliente 13,Produto E,13
06/11/2022,NF591,Cliente 18,Produto B,49
06/11/2022,NF591,Cliente 16,Produto I,61
06/11/2022,NF599,Cliente 9,Produto F,71
07/11/2022,NF611,Cliente 18,Produto N,78
07/11/2022,NF615,Cliente 8,Produto K,91
07/11/2022,NF650,Cliente 3,Produto I,18
08/11/2022,NF656,Cliente 12,Produto B,64
08/11/2022,NF656,Cliente 10,Produto A,92
08/11/2022,NF659,Cliente 16,Produto K,97
09/11/2022,NF660,Cliente 18,Produto K,11
09/11/2022,NF662,Cliente 15,Produto K,85
09/11/2022,NF591,Cliente 1,Produto B,16
10/11/2022,NF592,Cliente 13,Produto H,76
10/11/2022,NF592,Cliente 19,Produto K,75
10/11/2022,NF657,Cliente 18,Produto K,39
11/11/2022,NF660,Cliente 7,Produto M,61
11/11/2022,NF661,Cliente 18,Produto M,6
11/11/2022,NF595,Cliente 12,Produto E,31
12/11/2022,NF606,Cliente 20,Produto H,68
12/11/2022,NF620,Cliente 20,Produto H,34
12/11/2022,NF627,Cliente 11,Produto A,11
13/11/2022,NF665,Cliente 5,Produto N,99
13/11/2022,NF589,Cliente 3,Produto O,100
13/11/2022,NF601,Cliente 15,Produto O,29
14/11/2022,NF624,Cliente 16,Produto L,67
14/11/2022,NF625,Cliente 7,Produto N,24
14/11/2022,NF629,Cliente 11,Produto E,52
15/11/2022,NF645,Cliente 16,Produto O,64
15/11/2022,NF655,Cliente 20,Produto B,68
15/11/2022,NF626,Cliente 19,Produto G,76
16/11/2022,NF630,Cliente 20,Produto D,85
16/11/2022,NF609,Cliente 10,Produto D,90
16/11/2022,NF617,Cliente 2,Produto E,2
17/11/2022,NF624,Cliente 9,Produto B,28
17/11/2022,NF625,Cliente 10,Produto M,80
17/11/2022,NF623,Cliente 16,Produto A,21
18/11/2022,NF657,Cliente 15,Produto H,27
18/11/2022,NF659,Cliente 9,Produto O,77
18/11/2022,NF658,Cliente 9,Produto O,41
19/11/2022,NF594,Cliente 3,Produto J,23
19/11/2022,NF598,Cliente 8,Produto G,85
19/11/2022,NF643,Cliente 2,Produto H,80
19/11/2022,NF644,Cliente 8,Produto F,67
20/11/2022,NF648,Cliente 5,Produto M,88
20/11/2022,NF652,Cliente 8,Produto A,50
20/11/2022,NF585,Cliente 10,Produto O,98
20/11/2022,NF600,Cliente 17,Produto G,63
21/11/2022,NF635,Cliente 12,Produto O,84
21/11/2022,NF649,Cliente 6,Produto J,62
21/11/2022,NF590,Cliente 12,Produto N,86
21/11/2022,NF605,Cliente 19,Produto F,67
22/11/2022,NF607,Cliente 11,Produto A,100
22/11/2022,NF608,Cliente 14,Produto L,17
22/11/2022,NF613,Cliente 2,Produto D,89
22/11/2022,NF618,Cliente 7,Produto K,33
23/11/2022,NF622,Cliente 12,Produto C,44
23/11/2022,NF633,Cliente 20,Produto E,36
23/11/2022,NF637,Cliente 13,Produto O,31
23/11/2022,NF587,Cliente 3,Produto C,29
24/11/2022,NF616,Cliente 8,Produto H,56
24/11/2022,NF623,Cliente 1,Produto B,32
24/11/2022,NF651,Cliente 2,Produto J,31
24/11/2022,NF658,Cliente 16,Produto C,91
25/11/2022,NF659,Cliente 6,Produto D,70
25/11/2022,NF592,Cliente 6,Produto B,18
25/11/2022,NF603,Cliente 11,Produto O,30
25/11/2022,NF614,Cliente 20,Produto E,51
26/11/2022,NF626,Cliente 11,Produto F,9
26/11/2022,NF593,Cliente 13,Produto A,100
26/11/2022,NF593,Cliente 4,Produto D,42
26/11/2022,NF640,Cliente 6,Produto O,25
27/11/2022,NF641,Cliente 2,Produto L,17
27/11/2022,NF653,Cliente 3,Produto D,11
27/11/2022,NF654,Cliente 19,Produto I,87
27/11/2022,NF583,Cliente 18,Produto I,13
28/11/2022,NF590,Cliente 20,Produto J,46
28/11/2022,NF596,Cliente 8,Produto M,14
28/11/2022,NF597,Cliente 20,Produto L,85
28/11/2022,NF602,Cliente 15,Produto D,6
29/11/2022,NF619,Cliente 20,Produto J,59
29/11/2022,NF621,Cliente 7,Produto L,93
29/11/2022,NF628,Cliente 19,Produto O,10
29/11/2022,NF632,Cliente 15,Produto M,64
30/11/2022,NF646,Cliente 11,Produto I,32
30/11/2022,NF663,Cliente 16,Produto N,31
30/11/2022,NF664,Cliente 20,Produto J,43
01/12/2022,NF506,Cliente 13,Produto F,36
01/12/2022,NF516,Cliente 20,Produto G,13
01/12/2022,NF528,Cliente 19,Produto A,18
02/12/2022,NF542,Cliente 6,Produto O,61
02/12/2022,NF554,Cliente 16,Produto I,26
02/12/2022,NF509,Cliente 1,Produto D,46
03/12/2022,NF534,Cliente 19,Produto J,92
03/12/2022,NF535,Cliente 16,Produto F,74
03/12/2022,NF536,Cliente 20,Produto C,83
04/12/2022,NF576,Cliente 19,Produto A,85
04/12/2022,NF576,Cliente 13,Produto D,56
04/12/2022,NF519,Cliente 8,Produto J,47
05/12/2022,NF526,Cliente 4,Produto K,99
05/12/2022,NF539,Cliente 8,Produto E,60
05/12/2022,NF562,Cliente 5,Produto C,8
06/12/2022,NF577,Cliente 4,Produto O,80
06/12/2022,NF500,Cliente 2,Produto A,83
06/12/2022,NF525,Cliente 3,Produto O,29
07/12/2022,NF542,Cliente 5,Produto K,60
07/12/2022,NF549,Cliente 13,Produto A,74
07/12/2022,NF579,Cliente 14,Produto E,36
08/12/2022,NF507,Cliente 15,Produto D,88
08/12/2022,NF510,Cliente 13,Produto B,90
08/12/2022,NF544,Cliente 7,Produto G,65
09/12/2022,NF560,Cliente 15,Produto F,83
09/12/2022,NF564,Cliente 15,Produto H,7
09/12/2022,NF580,Cliente 11,Produto M,28
10/12/2022,NF508,Cliente 11,Produto A,96
10/12/2022,NF553,Cliente 10,Produto M,28
10/12/2022,NF558,Cliente 10,Produto C,18
11/12/2022,NF566,Cliente 18,Produto F,98
11/12/2022,NF574,Cliente 19,Produto F,18
11/12/2022,NF575,Cliente 6,Produto E,72
12/12/2022,NF511,Cliente 1,Produto H,89
12/12/2022,NF513,Cliente 16,Produto A,21
12/12/2022,NF517,Cliente 15,Produto J,48
13/12/2022,NF523,Cliente 19,Produto K,25
13/12/2022,NF524,Cliente 1,Produto J,43
13/12/2022,NF529,Cliente 5,Produto B,96
14/12/2022,NF568,Cliente 15,Produto D,36
14/12/2022,NF572,Cliente 20,Produto B,69
14/12/2022,NF520,Cliente 20,Produto G,44
15/12/2022,NF541,Cliente 19,Produto A,79
15/12/2022,NF545,Cliente 15,Produto J,39
15/12/2022,NF551,Cliente 20,Produto H,40
16/12/2022,NF574,Cliente 2,Produto H,35
16/12/2022,NF582,Cliente 7,Produto N,82
16/12/2022,NF505,Cliente 12,Produto E,89
17/12/2022,NF512,Cliente 17,Produto I,3
17/12/2022,NF514,Cliente 8,Produto F,28
17/12/2022,NF515,Cliente 1,Produto J,61
18/12/2022,NF556,Cliente 4,Produto J,37
18/12/2022,NF557,Cliente 8,Produto K,43
18/12/2022,NF576,Cliente 16,Produto K,93
19/12/2022,NF504,Cliente 4,Produto J,100
19/12/2022,NF508,Cliente 13,Produto I,85
19/12/2022,NF521,Cliente 5,Produto O,44
20/12/2022,NF548,Cliente 12,Produto M,38
20/12/2022,NF563,Cliente 1,Produto K,41
20/12/2022,NF571,Cliente 6,Produto F,6
21/12/2022,NF577,Cliente 6,Produto J,95
21/12/2022,NF502,Cliente 10,Produto B,79
21/12/2022,NF530,Cliente 8,Produto O,59
22/12/2022,NF540,Cliente 8,Produto J,39
22/12/2022,NF540,Cliente 19,Produto G,31
22/12/2022,NF573,Cliente 1,Produto C,49
23/12/2022,NF501,Cliente 6,Produto B,21
23/12/2022,NF509,Cliente 6,Produto I,7
23/12/2022,NF532,Cliente 8,Produto C,41
24/12/2022,NF533,Cliente 4,Produto E,84
24/12/2022,NF541,Cliente 15,Produto G,8
24/12/2022,NF541,Cliente 12,Produto F,31
24/12/2022,NF552,Cliente 9,Produto F,28
25/12/2022,NF555,Cliente 19,Produto M,20
25/12/2022,NF559,Cliente 15,Produto H,99
25/12/2022,NF569,Cliente 19,Produto D,92
25/12/2022,NF581,Cliente 17,Produto C,44
26/12/2022,NF518,Cliente 11,Produto M,65
26/12/2022,NF522,Cliente 3,Produto H,86
26/12/2022,NF537,Cliente 16,Produto A,81
26/12/2022,NF542,Cliente 16,Produto N,19
27/12/2022,NF543,Cliente 1,Produto M,15
27/12/2022,NF550,Cliente 8,Produto L,88
27/12/2022,NF561,Cliente 4,Produto B,86
27/12/2022,NF565,Cliente 19,Produto G,26
28/12/2022,NF570,Cliente 12,Produto B,30
28/12/2022,NF507,Cliente 1,Produto K,17
28/12/2022,NF527,Cliente 19,Produto N,38
28/12/2022,NF531,Cliente 7,Produto M,12
29/12/2022,NF538,Cliente 5,Produto K,36
29/12/2022,NF543,Cliente 5,Produto J,73
29/12/2022,NF546,Cliente 18,Produto C,20
29/12/2022,NF547,Cliente 4,Produto I,31
30/12/2022,NF573,Cliente 11,Produto H,81
30/12/2022,NF575,Cliente 18,Produto N,13
30/12/2022,NF578,Cliente 16,Produto D,74
30/12/2022,NF503,Cliente 13,Produto I,13
31/12/2022,NF508,Cliente 7,Produto B,35
31/12/2022,NF509,Cliente 17,Produto B,2
31/12/2022,NF510,Cliente 12,Produto J,7
31/12/2022,NF567,Cliente 14,Produto G,56
01/01/2023,NF15,Cliente 4,Produto G,70
01/01/2023,NF20,Cliente 5,Produto G,88
01/01/2023,NF72,Cliente 17,Produto B,72
01/01/2023,NF84,Cliente 4,Produto E,24
01/01/2023,NF100,Cliente 11,Produto I,65
02/01/2023,NF37,Cliente 2,Produto H,33
02/01/2023,NF61,Cliente 16,Produto J,82
02/01/2023,NF97,Cliente 16,Produto D,91
04/01/2023,NF30,Cliente 10,Produto O,77
04/01/2023,NF32,Cliente 1,Produto G,63
03/01/2023,NF5,Cliente 1,Produto B,31
03/01/2023,NF21,Cliente 4,Produto E,100
03/01/2023,NF33,Cliente 2,Produto J,19
03/01/2023,NF35,Cliente 2,Produto N,30
03/01/2023,NF46,Cliente 16,Produto F,42
03/01/2023,NF52,Cliente 4,Produto G,78
03/01/2023,NF53,Cliente 6,Produto B,24
03/01/2023,NF57,Cliente 8,Produto M,98
03/01/2023,NF67,Cliente 13,Produto D,98
03/01/2023,NF94,Cliente 12,Produto K,8
04/01/2023,NF1,Cliente 19,Produto C,42
04/01/2023,NF9,Cliente 8,Produto H,89
04/01/2023,NF22,Cliente 11,Produto K,78
04/01/2023,NF30,Cliente 11,Produto L,41
04/01/2023,NF47,Cliente 9,Produto H,33
04/01/2023,NF54,Cliente 3,Produto H,52
04/01/2023,NF76,Cliente 6,Produto J,46
04/01/2023,NF98,Cliente 9,Produto F,88
06/01/2023,NF36,Cliente 14,Produto D,64
06/01/2023,NF55,Cliente 10,Produto M,48
05/01/2023,NF13,Cliente 19,Produto D,74
05/01/2023,NF16,Cliente 15,Produto J,78
05/01/2023,NF22,Cliente 3,Produto K,85
05/01/2023,NF24,Cliente 7,Produto G,84
05/01/2023,NF34,Cliente 6,Produto H,40
05/01/2023,NF40,Cliente 2,Produto H,28
05/01/2023,NF75,Cliente 12,Produto D,68
05/01/2023,NF90,Cliente 15,Produto M,17
06/01/2023,NF3,Cliente 16,Produto N,79
06/01/2023,NF11,Cliente 14,Produto G,11
06/01/2023,NF16,Cliente 11,Produto E,29
06/01/2023,NF26,Cliente 12,Produto F,21
06/01/2023,NF39,Cliente 11,Produto E,25
06/01/2023,NF50,Cliente 11,Produto E,3
06/01/2023,NF62,Cliente 6,Produto L,74
06/01/2023,NF95,Cliente 5,Produto F,30
06/01/2023,NF96,Cliente 7,Produto C,38
06/01/2023,NF101,Cliente 3,Produto A,29
07/01/2023,NF7,Cliente 10,Produto A,34
07/01/2023,NF11,Cliente 20,Produto N,99
07/01/2023,NF59,Cliente 9,Produto K,31
07/01/2023,NF91,Cliente 2,Produto I,29
08/01/2023,NF14,Cliente 20,Produto L,57
08/01/2023,NF58,Cliente 16,Produto J,96
08/01/2023,NF66,Cliente 6,Produto M,43
08/01/2023,NF69,Cliente 7,Produto E,53
08/01/2023,NF79,Cliente 3,Produto C,15
09/01/2023,NF3,Cliente 5,Produto O,86
09/01/2023,NF8,Cliente 15,Produto B,52
09/01/2023,NF85,Cliente 8,Produto L,13
09/01/2023,NF86,Cliente 20,Produto J,5
09/01/2023,NF93,Cliente 12,Produto M,98
24/01/2023,NF16,Cliente 17,Produto E,90
24/01/2023,NF48,Cliente 10,Produto C,85
10/01/2023,NF51,Cliente 5,Produto A,11
10/01/2023,NF63,Cliente 16,Produto N,17
10/01/2023,NF70,Cliente 2,Produto H,2
11/01/2023,NF6,Cliente 10,Produto B,97
11/01/2023,NF25,Cliente 20,Produto F,12
11/01/2023,NF29,Cliente 9,Produto F,17
22/01/2023,NF88,Cliente 5,Produto B,21
22/01/2023,NF99,Cliente 18,Produto G,93
11/01/2023,NF102,Cliente 10,Produto I,28
12/01/2023,NF45,Cliente 4,Produto J,11
12/01/2023,NF78,Cliente 11,Produto D,48
13/01/2023,NF49,Cliente 10,Produto J,17
13/01/2023,NF64,Cliente 14,Produto N,24
13/01/2023,NF80,Cliente 5,Produto L,45
14/01/2023,NF28,Cliente 20,Produto H,5
14/01/2023,NF28,Cliente 6,Produto B,76
16/01/2023,NF38,Cliente 8,Produto O,31
16/01/2023,NF43,Cliente 13,Produto E,12
18/01/2023,NF44,Cliente 14,Produto J,58
19/01/2023,NF68,Cliente 12,Produto M,45
21/01/2023,NF73,Cliente 12,Produto C,89
21/01/2023,NF77,Cliente 10,Produto D,57
25/01/2023,NF82,Cliente 2,Produto E,14
25/01/2023,NF89,Cliente 4,Produto O,71
27/01/2023,NF83,Cliente 13,Produto A,56
27/01/2023,NF87,Cliente 5,Produto E,88
27/01/2023,NF92,Cliente 7,Produto M,60
28/01/2023,NF16,Cliente 7,Produto O,26
28/01/2023,NF56,Cliente 1,Produto L,100
28/01/2023,NF60,Cliente 9,Produto B,15
29/01/2023,NF42,Cliente 19,Produto G,58
29/01/2023,NF71,Cliente 19,Produto I,35
30/01/2023,NF74,Cliente 10,Produto H,19
31/01/2023,NF41,Cliente 10,Produto N,63
31/01/2023,NF81,Cliente 4,Produto O,91
01/02/2023,NF125,Cliente 16,Produto B,30
01/02/2023,NF137,Cliente 9,Produto I,99
01/02/2023,NF138,Cliente 2,Produto K,7
01/02/2023,NF184,Cliente 5,Produto N,19
02/02/2023,NF128,Cliente 10,Produto J,13
02/02/2023,NF146,Cliente 2,Produto L,15
02/02/2023,NF145,Cliente 15,Produto G,79
02/02/2023,NF163,Cliente 14,Produto M,8
03/02/2023,NF172,Cliente 12,Produto A,11
03/02/2023,NF179,Cliente 2,Produto J,78
03/02/2023,NF104,Cliente 3,Produto L,33
03/02/2023,NF145,Cliente 15,Produto H,16
04/02/2023,NF152,Cliente 6,Produto M,43
04/02/2023,NF153,Cliente 2,Produto F,38
04/02/2023,NF160,Cliente 8,Produto I,3
04/02/2023,NF171,Cliente 15,Produto C,78
05/02/2023,NF176,Cliente 9,Produto B,99
05/02/2023,NF121,Cliente 8,Produto D,50
05/02/2023,NF170,Cliente 5,Produto E,100
05/02/2023,NF110,Cliente 4,Produto J,53
06/02/2023,NF120,Cliente 17,Produto K,62
06/02/2023,NF132,Cliente 12,Produto C,74
06/02/2023,NF144,Cliente 6,Produto J,6
06/02/2023,NF150,Cliente 3,Produto K,25
07/02/2023,NF155,Cliente 20,Produto F,25
07/02/2023,NF180,Cliente 10,Produto M,19
07/02/2023,NF108,Cliente 2,Produto G,94
07/02/2023,NF117,Cliente 19,Produto D,67
08/02/2023,NF123,Cliente 4,Produto M,77
08/02/2023,NF113,Cliente 6,Produto O,82
08/02/2023,NF115,Cliente 14,Produto E,97
08/02/2023,NF133,Cliente 11,Produto O,57
09/02/2023,NF141,Cliente 12,Produto K,50
09/02/2023,NF142,Cliente 6,Produto L,3
09/02/2023,NF173,Cliente 5,Produto B,2
09/02/2023,NF176,Cliente 13,Produto I,65
10/02/2023,NF134,Cliente 9,Produto L,84
10/02/2023,NF156,Cliente 17,Produto O,22
10/02/2023,NF168,Cliente 6,Produto D,46
10/02/2023,NF103,Cliente 15,Produto A,72
11/02/2023,NF105,Cliente 1,Produto D,27
11/02/2023,NF106,Cliente 8,Produto I,13
11/02/2023,NF118,Cliente 20,Produto O,6
11/02/2023,NF122,Cliente 17,Produto D,73
12/02/2023,NF130,Cliente 15,Produto A,17
12/02/2023,NF161,Cliente 15,Produto G,29
12/02/2023,NF174,Cliente 14,Produto J,45
12/02/2023,NF177,Cliente 11,Produto O,77
13/02/2023,NF180,Cliente 11,Produto O,83
13/02/2023,NF181,Cliente 1,Produto O,21
13/02/2023,NF114,Cliente 16,Produto E,84
13/02/2023,NF124,Cliente 19,Produto E,36
14/02/2023,NF126,Cliente 13,Produto L,20
14/02/2023,NF167,Cliente 11,Produto F,60
14/02/2023,NF169,Cliente 17,Produto I,33
14/02/2023,NF177,Cliente 16,Produto O,53
15/02/2023,NF179,Cliente 6,Produto F,72
15/02/2023,NF112,Cliente 13,Produto D,5
15/02/2023,NF111,Cliente 15,Produto B,17
15/02/2023,NF148,Cliente 6,Produto M,87
16/02/2023,NF158,Cliente 2,Produto K,3
16/02/2023,NF112,Cliente 1,Produto J,4
16/02/2023,NF119,Cliente 20,Produto K,7
16/02/2023,NF127,Cliente 11,Produto B,74
17/02/2023,NF139,Cliente 3,Produto N,49
17/02/2023,NF144,Cliente 12,Produto K,92
17/02/2023,NF157,Cliente 18,Produto H,27
17/02/2023,NF164,Cliente 5,Produto N,22
18/02/2023,NF175,Cliente 14,Produto J,25
18/02/2023,NF183,Cliente 15,Produto D,72
18/02/2023,NF111,Cliente 7,Produto M,13
18/02/2023,NF113,Cliente 5,Produto D,68
19/02/2023,NF140,Cliente 12,Produto G,82
19/02/2023,NF145,Cliente 19,Produto C,24
19/02/2023,NF147,Cliente 17,Produto L,4
19/02/2023,NF151,Cliente 20,Produto N,55
20/02/2023,NF154,Cliente 14,Produto L,19
20/02/2023,NF162,Cliente 20,Produto C,42
20/02/2023,NF178,Cliente 19,Produto G,32
20/02/2023,NF179,Cliente 1,Produto D,36
21/02/2023,NF178,Cliente 10,Produto L,45
21/02/2023,NF185,Cliente 4,Produto E,73
21/02/2023,NF107,Cliente 8,Produto G,79
21/02/2023,NF109,Cliente 5,Produto I,43
22/02/2023,NF111,Cliente 8,Produto K,30
22/02/2023,NF112,Cliente 10,Produto A,45
22/02/2023,NF129,Cliente 3,Produto L,98
22/02/2023,NF131,Cliente 1,Produto G,98
23/02/2023,NF136,Cliente 11,Produto B,69
23/02/2023,NF143,Cliente 1,Produto E,12
23/02/2023,NF144,Cliente 15,Produto G,66
24/02/2023,NF143,Cliente 19,Produto J,89
24/02/2023,NF146,Cliente 11,Produto E,87
24/02/2023,NF149,Cliente 11,Produto F,76
25/02/2023,NF166,Cliente 2,Produto D,92
25/02/2023,NF182,Cliente 10,Produto O,65
25/02/2023,NF110,Cliente 7,Produto M,13
26/02/2023,NF116,Cliente 10,Produto D,6
26/02/2023,NF135,Cliente 20,Produto A,27
26/02/2023,NF159,Cliente 6,Produto K,64
27/02/2023,NF165,Cliente 5,Produto F,83
01/03/2023,NF202,Cliente 4,Produto G,69
01/03/2023,NF206,Cliente 18,Produto O,40
01/03/2023,NF212,Cliente 18,Produto C,86
02/03/2023,NF263,Cliente 6,Produto B,20
02/03/2023,NF188,Cliente 4,Produto N,5
02/03/2023,NF194,Cliente 19,Produto C,64
03/03/2023,NF194,Cliente 8,Produto H,98
03/03/2023,NF199,Cliente 7,Produto C,60
03/03/2023,NF221,Cliente 7,Produto L,39
04/03/2023,NF229,Cliente 12,Produto G,39
04/03/2023,NF262,Cliente 5,Produto G,91
04/03/2023,NF203,Cliente 12,Produto N,68
05/03/2023,NF205,Cliente 7,Produto L,86
05/03/2023,NF209,Cliente 17,Produto I,59
05/03/2023,NF228,Cliente 11,Produto E,10
06/03/2023,NF247,Cliente 4,Produto H,49
06/03/2023,NF250,Cliente 11,Produto A,78
06/03/2023,NF263,Cliente 6,Produto D,5
07/03/2023,NF190,Cliente 13,Produto O,91
07/03/2023,NF219,Cliente 17,Produto K,95
07/03/2023,NF225,Cliente 6,Produto B,77
08/03/2023,NF249,Cliente 20,Produto H,73
08/03/2023,NF191,Cliente 14,Produto L,30
08/03/2023,NF222,Cliente 12,Produto C,46
09/03/2023,NF226,Cliente 18,Produto A,12
09/03/2023,NF242,Cliente 6,Produto C,67
09/03/2023,NF244,Cliente 5,Produto C,68
10/03/2023,NF256,Cliente 18,Produto C,89
10/03/2023,NF259,Cliente 14,Produto O,79
10/03/2023,NF193,Cliente 17,Produto O,85
11/03/2023,NF195,Cliente 6,Produto D,24
11/03/2023,NF228,Cliente 13,Produto C,87
11/03/2023,NF235,Cliente 7,Produto K,78
12/03/2023,NF260,Cliente 9,Produto M,88
12/03/2023,NF262,Cliente 16,Produto M,59
12/03/2023,NF262,Cliente 11,Produto G,39
13/03/2023,NF266,Cliente 11,Produto A,37
13/03/2023,NF210,Cliente 13,Produto F,61
13/03/2023,NF211,Cliente 6,Produto J,62
14/03/2023,NF238,Cliente 13,Produto C,35
14/03/2023,NF239,Cliente 10,Produto C,26
14/03/2023,NF253,Cliente 17,Produto L,58
15/03/2023,NF198,Cliente 3,Produto A,92
15/03/2023,NF240,Cliente 20,Produto D,91
15/03/2023,NF245,Cliente 17,Produto E,65
16/03/2023,NF259,Cliente 4,Produto H,62
16/03/2023,NF268,Cliente 19,Produto J,83
16/03/2023,NF187,Cliente 9,Produto M,70
17/03/2023,NF192,Cliente 16,Produto N,65
17/03/2023,NF217,Cliente 2,Produto C,11
17/03/2023,NF226,Cliente 4,Produto G,71
18/03/2023,NF265,Cliente 1,Produto M,67
18/03/2023,NF229,Cliente 5,Produto F,20
18/03/2023,NF241,Cliente 20,Produto I,75
19/03/2023,NF252,Cliente 20,Produto A,20
19/03/2023,NF260,Cliente 11,Produto H,88
19/03/2023,NF264,Cliente 16,Produto H,98
20/03/2023,NF193,Cliente 18,Produto C,84
20/03/2023,NF195,Cliente 5,Produto D,74
20/03/2023,NF220,Cliente 20,Produto B,67
21/03/2023,NF227,Cliente 1,Produto B,51
21/03/2023,NF228,Cliente 1,Produto D,77
21/03/2023,NF230,Cliente 15,Produto D,6
22/03/2023,NF231,Cliente 14,Produto N,78
22/03/2023,NF232,Cliente 20,Produto G,53
22/03/2023,NF243,Cliente 11,Produto N,26
23/03/2023,NF255,Cliente 1,Produto F,77
23/03/2023,NF257,Cliente 6,Produto D,96
23/03/2023,NF196,Cliente 17,Produto K,96
24/03/2023,NF201,Cliente 6,Produto F,35
24/03/2023,NF215,Cliente 19,Produto A,76
24/03/2023,NF224,Cliente 12,Produto D,38
25/03/2023,NF186,Cliente 10,Produto O,17
25/03/2023,NF189,Cliente 19,Produto D,23
25/03/2023,NF200,Cliente 9,Produto G,72
25/03/2023,NF208,Cliente 11,Produto L,61
26/03/2023,NF214,Cliente 20,Produto L,62
26/03/2023,NF216,Cliente 7,Produto B,71
26/03/2023,NF223,Cliente 20,Produto L,75
26/03/2023,NF234,Cliente 17,Produto H,1
27/03/2023,NF236,Cliente 18,Produto J,16
27/03/2023,NF248,Cliente 4,Produto C,88
27/03/2023,NF261,Cliente 1,Produto E,89
27/03/2023,NF267,Cliente 19,Produto E,4
28/03/2023,NF194,Cliente 5,Produto J,37
28/03/2023,NF196,Cliente 9,Produto K,62
28/03/2023,NF197,Cliente 17,Produto G,12
28/03/2023,NF204,Cliente 1,Produto H,51
29/03/2023,NF213,Cliente 8,Produto G,43
29/03/2023,NF227,Cliente 6,Produto H,87
29/03/2023,NF237,Cliente 15,Produto L,85
29/03/2023,NF251,Cliente 1,Produto O,35
30/03/2023,NF254,Cliente 16,Produto I,42
30/03/2023,NF195,Cliente 16,Produto D,62
30/03/2023,NF207,Cliente 4,Produto L,98
30/03/2023,NF218,Cliente 13,Produto G,26
31/03/2023,NF227,Cliente 2,Produto O,70
31/03/2023,NF233,Cliente 19,Produto N,32
31/03/2023,NF246,Cliente 20,Produto I,9
31/03/2023,NF258,Cliente 16,Produto B,38
31/03/2023,NF261,Cliente 5,Produto J,27
01/04/2023,NF193,Cliente 12,Produto N,33
01/04/2023,NF193,Cliente 11,Produto N,87
01/04/2023,NF195,Cliente 18,Produto M,23
01/04/2023,NF228,Cliente 8,Produto H,74
02/04/2023,NF231,Cliente 18,Produto C,4
02/04/2023,NF235,Cliente 7,Produto B,39
02/04/2023,NF240,Cliente 13,Produto E,85
02/04/2023,NF247,Cliente 11,Produto E,51
03/04/2023,NF261,Cliente 2,Produto H,79
03/04/2023,NF190,Cliente 17,Produto N,77
03/04/2023,NF225,Cliente 7,Produto K,72
03/04/2023,NF245,Cliente 16,Produto E,73
04/04/2023,NF265,Cliente 13,Produto L,40
04/04/2023,NF194,Cliente 4,Produto N,68
04/04/2023,NF196,Cliente 6,Produto L,78
04/04/2023,NF205,Cliente 18,Produto F,36
05/04/2023,NF212,Cliente 5,Produto A,29
05/04/2023,NF249,Cliente 19,Produto G,4
05/04/2023,NF252,Cliente 3,Produto E,56
05/04/2023,NF256,Cliente 17,Produto H,4
06/04/2023,NF260,Cliente 6,Produto O,14
06/04/2023,NF262,Cliente 5,Produto E,97
06/04/2023,NF228,Cliente 11,Produto D,95
06/04/2023,NF236,Cliente 1,Produto H,71
07/04/2023,NF246,Cliente 15,Produto D,81
07/04/2023,NF262,Cliente 18,Produto I,97
07/04/2023,NF262,Cliente 6,Produto D,11
07/04/2023,NF186,Cliente 1,Produto E,77
08/04/2023,NF188,Cliente 9,Produto G,84
08/04/2023,NF194,Cliente 15,Produto J,90
08/04/2023,NF197,Cliente 8,Produto L,98
08/04/2023,NF213,Cliente 10,Produto M,59
09/04/2023,NF214,Cliente 12,Produto L,97
09/04/2023,NF217,Cliente 8,Produto O,52
09/04/2023,NF218,Cliente 12,Produto A,10
09/04/2023,NF220,Cliente 11,Produto G,2
10/04/2023,NF229,Cliente 14,Produto I,80
10/04/2023,NF230,Cliente 5,Produto I,30
10/04/2023,NF248,Cliente 19,Produto F,76
10/04/2023,NF195,Cliente 5,Produto O,71
11/04/2023,NF208,Cliente 20,Produto G,19
11/04/2023,NF227,Cliente 15,Produto M,88
11/04/2023,NF242,Cliente 7,Produto H,37
11/04/2023,NF259,Cliente 14,Produto O,55
12/04/2023,NF261,Cliente 14,Produto I,52
12/04/2023,NF266,Cliente 2,Produto O,92
12/04/2023,NF198,Cliente 19,Produto A,22
12/04/2023,NF222,Cliente 11,Produto F,44
13/04/2023,NF233,Cliente 15,Produto K,94
13/04/2023,NF234,Cliente 19,Produto M,34
13/04/2023,NF250,Cliente 4,Produto O,16
13/04/2023,NF191,Cliente 8,Produto H,3
14/04/2023,NF215,Cliente 3,Produto J,100
14/04/2023,NF224,Cliente 4,Produto O,56
14/04/2023,NF243,Cliente 19,Produto F,9
14/04/2023,NF244,Cliente 14,Produto E,47
15/04/2023,NF189,Cliente 9,Produto L,67
15/04/2023,NF223,Cliente 13,Produto C,31
15/04/2023,NF227,Cliente 4,Produto H,70
15/04/2023,NF241,Cliente 11,Produto L,52
16/04/2023,NF192,Cliente 6,Produto H,80
16/04/2023,NF194,Cliente 9,Produto G,88
16/04/2023,NF199,Cliente 9,Produto J,27
16/04/2023,NF206,Cliente 10,Produto C,2
17/04/2023,NF211,Cliente 13,Produto M,98
17/04/2023,NF216,Cliente 17,Produto H,31
17/04/2023,NF259,Cliente 7,Produto A,29
17/04/2023,NF196,Cliente 11,Produto H,4
18/04/2023,NF195,Cliente 8,Produto D,79
18/04/2023,NF200,Cliente 6,Produto B,64
18/04/2023,NF201,Cliente 14,Produto A,62
18/04/2023,NF207,Cliente 5,Produto F,59
19/04/2023,NF237,Cliente 1,Produto B,66
19/04/2023,NF255,Cliente 10,Produto E,82
19/04/2023,NF263,Cliente 9,Produto A,34
19/04/2023,NF187,Cliente 5,Produto M,38
20/04/2023,NF227,Cliente 10,Produto H,16
20/04/2023,NF228,Cliente 14,Produto J,74
20/04/2023,NF232,Cliente 3,Produto L,56
20/04/2023,NF238,Cliente 18,Produto D,28
21/04/2023,NF263,Cliente 16,Produto H,98
21/04/2023,NF209,Cliente 13,Produto K,89
21/04/2023,NF210,Cliente 15,Produto C,28
22/04/2023,NF226,Cliente 19,Produto B,80
22/04/2023,NF257,Cliente 10,Produto E,70
23/04/2023,NF258,Cliente 16,Produto E,13
23/04/2023,NF264,Cliente 8,Produto E,80
24/04/2023,NF202,Cliente 20,Produto A,45
24/04/2023,NF221,Cliente 15,Produto G,19
25/04/2023,NF254,Cliente 4,Produto M,87
25/04/2023,NF268,Cliente 2,Produto J,35
26/04/2023,NF203,Cliente 19,Produto L,12
26/04/2023,NF204,Cliente 9,Produto F,65
27/04/2023,NF219,Cliente 1,Produto H,69
27/04/2023,NF226,Cliente 6,Produto O,84
28/04/2023,NF229,Cliente 18,Produto F,36
28/04/2023,NF239,Cliente 9,Produto K,59
29/04/2023,NF251,Cliente 15,Produto M,80
29/04/2023,NF253,Cliente 6,Produto G,98
30/04/2023,NF260,Cliente 3,Produto G,24
30/04/2023,NF267,Cliente 7,Produto N,52
01/05/2023,NF293,Cliente 10,Produto E,47
01/05/2023,NF310,Cliente 20,Produto A,94
01/05/2023,NF314,Cliente 20,Produto D,26
01/05/2023,NF327,Cliente 15,Produto A,82
02/05/2023,NF297,Cliente 3,Produto A,38
02/05/2023,NF312,Cliente 16,Produto H,14
02/05/2023,NF330,Cliente 18,Produto A,11
02/05/2023,NF337,Cliente 12,Produto K,92
03/05/2023,NF345,Cliente 4,Produto N,77
03/05/2023,NF351,Cliente 3,Produto I,50
03/05/2023,NF273,Cliente 2,Produto I,46
03/05/2023,NF291,Cliente 2,Produto O,30
04/05/2023,NF296,Cliente 4,Produto I,87
04/05/2023,NF306,Cliente 10,Produto O,87
04/05/2023,NF312,Cliente 16,Produto H,34
04/05/2023,NF342,Cliente 5,Produto C,67
05/05/2023,NF269,Cliente 8,Produto K,45
05/05/2023,NF285,Cliente 8,Produto O,18
05/05/2023,NF288,Cliente 5,Produto G,12
05/05/2023,NF310,Cliente 17,Produto D,30
06/05/2023,NF315,Cliente 11,Produto I,87
06/05/2023,NF334,Cliente 8,Produto D,66
06/05/2023,NF343,Cliente 8,Produto D,63
06/05/2023,NF349,Cliente 20,Produto D,57
07/05/2023,NF271,Cliente 16,Produto H,6
07/05/2023,NF275,Cliente 20,Produto H,30
07/05/2023,NF276,Cliente 11,Produto B,19
07/05/2023,NF295,Cliente 8,Produto G,84
08/05/2023,NF299,Cliente 16,Produto A,77
08/05/2023,NF303,Cliente 12,Produto F,60
08/05/2023,NF311,Cliente 2,Produto E,6
08/05/2023,NF317,Cliente 20,Produto I,44
09/05/2023,NF318,Cliente 17,Produto C,81
09/05/2023,NF322,Cliente 7,Produto A,30
09/05/2023,NF270,Cliente 2,Produto G,92
09/05/2023,NF277,Cliente 20,Produto A,35
10/05/2023,NF284,Cliente 6,Produto N,94
10/05/2023,NF304,Cliente 11,Produto A,91
10/05/2023,NF309,Cliente 5,Produto L,44
10/05/2023,NF325,Cliente 19,Produto H,33
11/05/2023,NF328,Cliente 17,Produto E,83
11/05/2023,NF340,Cliente 19,Produto N,74
11/05/2023,NF276,Cliente 17,Produto H,11
11/05/2023,NF278,Cliente 20,Produto J,9
12/05/2023,NF294,Cliente 4,Produto D,35
12/05/2023,NF310,Cliente 13,Produto G,75
12/05/2023,NF320,Cliente 11,Produto I,94
12/05/2023,NF326,Cliente 4,Produto A,51
13/05/2023,NF345,Cliente 19,Produto C,66
13/05/2023,NF347,Cliente 18,Produto C,79
13/05/2023,NF311,Cliente 1,Produto N,4
13/05/2023,NF331,Cliente 19,Produto K,14
14/05/2023,NF345,Cliente 5,Produto A,81
14/05/2023,NF350,Cliente 2,Produto F,68
14/05/2023,NF287,Cliente 13,Produto I,11
15/05/2023,NF308,Cliente 2,Produto J,74
15/05/2023,NF311,Cliente 7,Produto K,41
15/05/2023,NF324,Cliente 1,Produto D,31
16/05/2023,NF329,Cliente 11,Produto F,37
16/05/2023,NF274,Cliente 8,Produto M,3
16/05/2023,NF281,Cliente 10,Produto G,54
17/05/2023,NF307,Cliente 19,Produto J,86
17/05/2023,NF316,Cliente 7,Produto B,16
17/05/2023,NF321,Cliente 20,Produto B,65
18/05/2023,NF272,Cliente 19,Produto J,57
18/05/2023,NF277,Cliente 5,Produto A,38
18/05/2023,NF279,Cliente 12,Produto A,71
19/05/2023,NF280,Cliente 16,Produto I,43
19/05/2023,NF282,Cliente 18,Produto E,63
19/05/2023,NF290,Cliente 20,Produto G,46
20/05/2023,NF301,Cliente 8,Produto D,57
20/05/2023,NF309,Cliente 9,Produto I,32
20/05/2023,NF319,Cliente 13,Produto G,48
21/05/2023,NF336,Cliente 6,Produto N,20
21/05/2023,NF346,Cliente 5,Produto K,17
21/05/2023,NF277,Cliente 6,Produto L,64
22/05/2023,NF278,Cliente 18,Produto K,100
22/05/2023,NF286,Cliente 19,Produto B,96
22/05/2023,NF292,Cliente 8,Produto L,65
23/05/2023,NF313,Cliente 8,Produto D,77
23/05/2023,NF332,Cliente 19,Produto L,85
23/05/2023,NF343,Cliente 1,Produto J,93
24/05/2023,NF279,Cliente 5,Produto C,99
24/05/2023,NF298,Cliente 20,Produto H,87
24/05/2023,NF300,Cliente 20,Produto J,30
25/05/2023,NF305,Cliente 20,Produto C,8
25/05/2023,NF339,Cliente 3,Produto N,9
25/05/2023,NF344,Cliente 14,Produto C,100
26/05/2023,NF344,Cliente 17,Produto D,6
26/05/2023,NF346,Cliente 18,Produto L,26
26/05/2023,NF278,Cliente 16,Produto F,60
27/05/2023,NF283,Cliente 19,Produto D,68
27/05/2023,NF333,Cliente 10,Produto J,3
27/05/2023,NF342,Cliente 11,Produto J,10
28/05/2023,NF289,Cliente 12,Produto C,51
28/05/2023,NF302,Cliente 19,Produto O,24
28/05/2023,NF323,Cliente 13,Produto A,59
29/05/2023,NF335,Cliente 20,Produto B,55
29/05/2023,NF338,Cliente 16,Produto B,27
29/05/2023,NF341,Cliente 6,Produto E,86
30/05/2023,NF348,Cliente 1,Produto M,38
